,Train SSE,Validation SSE,Epochs for conergence
1e-05,11.788805334703756,6.568064812287085,101
1e-06,21.75525893461816,12.134195086078432,101
1e-07,36.17905170422671,20.232807240818897,101
