,Train SSE,Validation SSE
0.0,8.889580111547344,4.8799824093397
0.001,8.889584408313805,4.879985246315931
0.01,8.88962308766615,4.88001078362573
0.1,8.890010717477432,4.880266604175551
1.0,8.893969925006388,4.882869158479019
10.0,8.941177604391722,4.912957773309683
100.0,9.778266203505828,5.403622325167857
