,Train SSE,Validation SSE,Epochs for conergence
1e-05,8.626199537815848,4.7589195416893935,1001
1e-06,11.841074403623944,6.577120988483837,1001
1e-07,21.77878708479264,12.134910535431167,1001
